price,weight,days_since_launch,product_category,seasonal_item,advertised_as,high_return_rate
52.127115249394,3.8987653450221655,322.1593286144775,Clothing,No,Standard,0
48.59756314236556,2.909821161288707,,Clothing,Yes,Standard,0
39.603676818521684,1.8318760387432613,278.8258210570032,Clothing,No,Budget,0
,1.8589766121149613,335.1128424968366,Clothing,No,Premium,0
1.2721530883858456,1.7783751197087743,10.74248192315517,Electronics,,Budget,1
44.793670866317555,1.7739348228864544,124.9798437810111,Beauty,Yes,Standard,1
46.08558698075884,1.6791862824575872,119.77231345187944,Home,No,Standard,1
48.39307646749366,1.3701908675380852,143.25750143310432,Sports,No,Budget,1
36.95955518485904,3.145359851019629,253.99070450890719,Sports,Yes,Standard,1
77.16279911763979,2.7507095545577425,166.54617140725875,Clothing,Yes,Budget,1
72.05391103985184,4.640304124958223,255.33242317629387,Home,Yes,Budget,1
9.954094505232138,2.6931974959539993,220.93688916871866,Beauty,No,Standard,0
69.89068069395854,1.1650841707015047,39.84621957192812,Beauty,No,Budget,1
17.674609092646023,2.435189298295753,61.50989852879571,Sports,Yes,Premium,1
43.232189693936334,2.820035371037239,302.1782442620981,Beauty,Yes,Budget,1
23.937025743062375,0.7793586263393018,229.71283055686638,Beauty,No,Budget,1
47.55155665737342,,325.26914535078623,Home,Yes,Budget,0
50.43256356194544,,217.43171354386553,Electronics,No,Budget,0
75.88624996544314,2.9920474626688134,278.067394842591,Home,Yes,Budget,1
61.13738372531481,1.868695961715111,89.83812461797369,Sports,No,Budget,1
42.05968521226534,-0.18706962303597985,132.64041940964992,Sports,No,Premium,1
37.11073269092951,,184.08076194229847,Sports,No,Budget,0
,1.8507540742676731,351.0337544106944,Sports,Yes,Budget,0
57.61393680564116,,,Home,Yes,Premium,0
93.38302231003509,2.406856025501538,151.7222725069146,Home,Yes,Standard,1
59.18581039183142,1.435356227291637,48.091938596196734,,No,Budget,1
45.774176783204695,1.0300680809194325,322.8500653002,Beauty,Yes,Budget,1
51.48877859639228,1.5064319690131,219.02548482193384,Beauty,Yes,Standard,1
73.41776157821461,1.8328277583225518,259.0364291164786,Clothing,Yes,Budget,1
33.44932662195451,1.2352684444740616,196.43802005468413,Beauty,Yes,Premium,1
70.87003694270871,1.7894885276365362,46.81764188397579,Clothing,Yes,Premium,1
58.63774566634226,2.247244292334223,103.37907689786412,Beauty,No,Premium,1
54.78660678554761,1.478446801454687,40.861395952342676,Beauty,No,Standard,1
65.93788095668647,3.576077588260728,196.05707341815855,Home,Yes,Budget,1
53.34262295382888,4.463894030911495,222.36814962575127,Sports,Yes,Standard,1
53.9336506598421,2.133373090871228,213.00657879834242,Beauty,Yes,Standard,1
39.84433513015697,1.651406176322411,147.30257399340593,Sports,Yes,Budget,1
87.94784597636789,,159.15000580084455,Electronics,Yes,,0
33.00166509290903,1.826943907859773,154.14367680810852,Sports,No,Premium,1
70.1473743499503,1.4328166999770349,40.5457379956903,Electronics,Yes,Premium,1
40.34278502324723,2.4265950817959063,165.29941298113093,Electronics,Yes,Premium,1
,3.721537378545838,76.7844831352927,Electronics,No,Premium,0
64.64251147573381,1.4652218027300583,25.015812420045876,Home,Yes,Standard,1
18.394323039856246,1.914689854814704,72.67585071536277,Beauty,Yes,Budget,1
73.28189158123223,2.5732911923490303,4.970405896400965,Beauty,No,Premium,1
38.35518153620505,2.7539105726302333,9.230948894911448,Clothing,Yes,Standard,1
41.729002555457186,2.7395595545208264,306.2231224909753,Sports,Yes,Standard,1
62.74774071288989,0.9149515386171412,46.41733974876901,Clothing,No,,1
60.53953482542024,0.9800299214926533,293.5069729447833,Beauty,Yes,Premium,1
19.803255329724834,3.5077286360897224,284.9724364856763,Home,Yes,Standard,1
34.15796203245071,0.4843161771855118,107.32703175331807,Sports,No,Budget,1
37.25556484157457,3.1173764382217133,283.31204824308054,Beauty,Yes,Budget,1
38.07402265656049,2.1114057823045944,284.19736971630107,Beauty,Yes,Budget,1
64.58433073127014,-0.1916097911106287,162.78448902906206,Sports,No,Budget,0
77.10951404017723,3.1632349537869606,200.45492823358947,Clothing,No,Premium,1
38.81679801386835,0.9358060363978924,,Sports,No,Premium,0
28.402682541415803,2.800311897641416,177.9480369059309,Home,Yes,Standard,1
29.248052093847654,3.1981722728101216,304.20110149715987,Clothing,Yes,Standard,1
59.63350403587021,1.6110558181509167,291.0592406671482,Clothing,Yes,Premium,1
61.10603310952389,1.7516247328280652,331.6604871360776,Sports,Yes,Standard,1
9.808329718294075,1.34319778518478,273.0751782596385,Beauty,Yes,Premium,1
40.74081294809954,1.2062035357964038,9.449854555138895,Home,Yes,Premium,1
6.732004092625736,3.183802101469718,240.87418472528398,Sports,Yes,Budget,1
42.26730730498148,2.0078559164205507,158.80810083877557,Home,No,Premium,1
47.72484218629669,4.192582724764361,30.68800004082776,Electronics,Yes,Standard,1
29.60715690999738,2.404560610224424,17.420686514412395,Home,No,Premium,1
52.346787275260525,3.221684622813176,314.3695555341021,Sports,No,Standard,1
63.16093405518432,1.99577080235682,204.6077349886318,Beauty,No,,1
45.120185841259016,1.1314059484020138,228.9089088214298,Clothing,No,Standard,0
20.685380356185693,0.9742608984931678,186.9257617461636,Clothing,Yes,Premium,1
,1.5875051201604218,24.137275074175125,,No,Standard,0
44.296768677210125,2.5380747475997496,196.58417644454045,Home,No,Standard,1
74.10793127363146,3.389371870321919,36.760765797407785,Clothing,No,Premium,1
49.4420333329137,1.2450528743461047,10.346718023657587,Electronics,Yes,Premium,1
45.369889822924165,3.7441705377709553,26.51893775428318,Clothing,No,Premium,1
29.053637480936757,0.588685720337764,301.2102106539766,Clothing,No,Premium,0
35.89351511458191,2.9471575311574703,140.5729890436135,Beauty,Yes,Standard,1
31.29890059953417,3.17346467320494,83.21985489497396,Clothing,Yes,Budget,1
25.660328382066613,3.256933295939379,198.18174108229329,Sports,No,Standard,1
59.68535252160258,3.25921868801606,37.319913783356505,Home,No,Premium,1
78.05944653183991,0.6441324958770733,20.348314275745047,Electronics,Yes,Budget,1
73.7096890824041,1.1295843923283695,223.7027023948776,Sports,No,Premium,1
28.768391360095087,2.150800149712623,229.29407942439985,Beauty,Yes,Premium,1
63.812386428954206,2.0034431213448753,96.82107744636191,Clothing,Yes,Budget,1
59.11588140435914,0.7730685411591307,293.38592586886466,Clothing,No,Standard,1
1.4099580430989,3.3651161712358153,222.47074366155127,Beauty,No,Premium,1
46.6992670911647,1.4229391160792892,318.30679213405733,Home,No,Standard,1
16.58365124697543,3.643908895959287,115.00363493603392,Clothing,Yes,Premium,1
,2.1880465234787705,169.0951824871442,Electronics,No,Standard,0
62.48094358197208,1.6320398613966356,278.129803116433,Clothing,Yes,Standard,1
32.87377787792727,2.3613673569539007,198.2186706893973,Beauty,No,Budget,1
,1.1230196064116151,340.012062046118,Sports,No,Standard,0
24.88290381707287,2.2588658364067897,218.95320540914057,Clothing,No,Standard,1
25.108012990577638,3.8058667656635174,27.104348693021503,Beauty,No,Premium,1
94.49449224867168,1.2920125077730416,47.79948628050481,,Yes,Standard,1
4.6305370271860635,0.7653365958343623,220.20354638577123,Clothing,Yes,Budget,0
26.866504710403632,1.3129931302872793,20.820214262881045,Beauty,Yes,Premium,1
52.90278542787908,2.8378223177733046,285.8992457146488,,No,,1
69.58784918879809,1.658033012214802,59.007811423879616,Beauty,Yes,Standard,1
68.2217105888806,0.05180182370745734,85.08233302645495,Electronics,No,Budget,1
68.98303750603596,2.026701736290035,343.802241698532,Clothing,No,Standard,0
74.48450665092177,1.684852505605043,358.97350167087853,Beauty,No,Budget,1
54.534392179185126,2.2677500434715925,204.04762776619498,Clothing,No,Standard,0
75.46513091898645,2.47982389398466,169.56709060556895,Clothing,No,Premium,1
60.10009007983344,2.458024081844706,78.66160740474783,Clothing,Yes,Standard,1
50.72114753445925,3.5014122597366217,,Home,Yes,Budget,0
85.92883063877527,2.6313345708345146,,Electronics,No,Premium,0
46.65900025053071,,86.88143713709125,Electronics,No,Premium,0
34.77826395330582,0.5543417463201357,121.49920397005206,Clothing,No,Budget,0
21.291854074995182,1.3791771668625783,8.893907779424506,Sports,No,Premium,1
53.929122509941074,2.7655900766763373,61.758291914760875,Sports,Yes,Standard,1
32.98080191661403,0.4731560964991106,231.85718784637868,Clothing,Yes,Premium,1
24.20331064852336,3.029431666265534,202.60437253551467,Clothing,Yes,Premium,1
,0.6089244912930576,362.40562352643053,Sports,No,Premium,0
44.59348694038424,3.023259092635362,72.7979891621082,Beauty,,Standard,1
43.15941426204709,-0.19847215128912454,175.9559641020669,Electronics,No,Standard,0
38.59765758658884,2.008922863829913,34.18354860291563,Sports,No,Standard,1
47.31690914752485,2.3729718243566564,317.5909909354947,,No,Standard,1
59.73921405102854,4.589283260083413,134.0643904367292,Home,No,Standard,1
,1.681003215749081,120.45491058884865,Clothing,Yes,Premium,0
44.84073536022218,,180.94984865262902,Sports,No,Budget,0
54.62526739906817,2.7046575074618597,276.4035132300323,Home,No,Premium,1
59.560687786381926,1.7774747722161075,60.6669101456946,Beauty,No,Premium,1
79.76404417594338,1.8757603758914885,246.2982596488864,Beauty,Yes,Standard,1
18.604246501107347,1.269675299009931,211.30079337111266,Clothing,Yes,Standard,1
42.991691352580666,1.5009228260275247,100.77461055733457,Beauty,No,Budget,1
7.04963295253882,1.4388667161242565,101.24290576081017,,Yes,Standard,1
55.173184954199904,3.225331646560864,296.39056564304053,Electronics,No,Premium,1
53.641765384346556,3.969136837315485,339.72146672186483,Beauty,Yes,Premium,1
22.516751457328827,3.8428913260762743,139.5814819261715,Clothing,Yes,Premium,1
61.739816986705826,1.688746284124747,139.65206608795134,Clothing,No,Budget,1
61.61305633754942,1.4927799204293049,70.66914831175399,Clothing,No,Premium,1
72.96414312750976,4.540125003540503,327.2292465952305,Electronics,Yes,Budget,1
62.77429527723339,2.667795567826003,128.12972596953415,Home,Yes,Budget,1
16.79204551423759,1.527826555389543,123.14051026717546,Beauty,No,,0
76.81273739025116,1.0041077421004343,231.1899988301526,Beauty,Yes,Premium,1
42.966611802329325,3.980719858132357,42.04612529180264,Electronics,Yes,Standard,1
64.67420016600425,1.5241051313440335,92.22670783665737,Electronics,Yes,Premium,1
66.10576051497543,0.6047495916179102,262.07864045127917,Sports,No,Standard,1
26.966367024691912,1.824783301927902,321.4385550444376,Sports,Yes,Standard,1
30.932282513378894,3.038361264224907,165.99047724859122,,Yes,Standard,1
31.234418074578464,1.1695260508132366,251.97308617631774,Sports,Yes,Premium,1
49.90429607279381,3.1192201130182626,347.4469023374249,Home,Yes,Premium,1
65.95604941318865,2.0734195547087535,73.9434295003432,Electronics,Yes,Premium,1
50.639294888611566,2.6881949662735183,249.95541191352126,Electronics,No,Budget,0
17.900165399226204,0.9321420692715361,97.36416612555539,Clothing,No,Standard,0
52.40558718483602,3.722231862559412,47.90583036671078,Beauty,No,Standard,1
26.078572098439288,3.633187828143079,209.61315308751065,Electronics,No,Budget,1
46.92105153422354,,244.3615683342566,Beauty,Yes,Standard,0
50.43798461248721,1.6226206644228982,67.51168291522778,Clothing,No,Standard,1
51.73734692551372,2.163632720698446,135.73204016164078,Clothing,Yes,Premium,1
43.0873605896822,1.5802929834580217,315.5690200846449,Electronics,No,Standard,1
34.12362919655394,2.846592744071879,110.95323549150343,Beauty,Yes,Budget,1
62.532597835630824,0.887453153994836,178.492871222452,Home,No,Premium,1
40.94363495822979,2.9103528802701284,354.1948106353986,Home,No,Budget,1
40.99685289206908,2.689988023981776,294.53497853200173,Electronics,Yes,Standard,1
81.29874171226815,2.4964346596098292,19.67979963247501,Beauty,No,Budget,1
41.767439939118596,2.1261723722387136,143.04816749803277,Home,Yes,Standard,1
71.88508509470428,2.38919555760589,314.88152112692313,Electronics,No,Premium,1
77.30556157741303,2.7988923421074117,122.05365065380248,Beauty,,Budget,1
84.49119493168176,0.9142864200482004,250.01380807891158,Clothing,Yes,Standard,1
41.59599613213047,2.289908850179365,291.44088624052307,Home,Yes,Premium,1
67.61244619478434,1.1839611416836155,155.8954164624637,Clothing,Yes,Premium,1
66.16624434093313,2.364718648596898,24.60087310514434,Clothing,No,Standard,1
,0.2485586988756363,248.65898096815417,Beauty,No,Premium,0
45.619677854021944,1.5018930518036304,91.99848948890097,Clothing,Yes,Budget,1
44.32268973278079,3.326118974625313,135.3062475959788,Sports,No,Standard,1
7.534537239965182,0.6793168313043578,217.92401349223778,Sports,No,Premium,1
14.972500556798515,1.9751743837929971,350.0734843153274,Home,No,Standard,1
49.87822794902466,1.9746244197676968,69.66358685718781,Home,Yes,Standard,1
,1.7229144025306988,287.3293482118915,Electronics,No,Budget,0
,2.046489399023271,339.9057951742414,Sports,Yes,Budget,0
34.579755041411445,4.357060582675052,239.6317262069643,Clothing,No,Budget,1
63.34751366779987,1.2480864696770606,146.32754501319462,Home,No,Standard,1
44.11260510370882,2.3442816768567036,333.00750425060465,Clothing,Yes,Premium,1
65.45233239208255,0.5217683491880156,341.46025610580267,Home,No,Standard,0
57.790460870538915,2.9775944968095476,310.1012279261303,Clothing,Yes,Budget,1
79.24785022105046,3.2669800368678947,229.20394917550144,Home,No,Standard,1
60.43980486643048,1.3879541874378927,49.10661183198046,Clothing,Yes,Budget,1
37.807050771220325,0.9357631448359376,124.56962791066866,Clothing,No,Standard,1
43.210793740796284,1.2685624555288384,100.06752016404485,Electronics,Yes,Budget,1
31.93286014465836,0.20055978045546907,146.66746225588838,Beauty,Yes,Budget,1
58.778205166526384,0.6443613473706271,309.8815004592049,Home,No,Standard,1
72.59264889126948,1.5207206284835162,346.8142848039309,Clothing,Yes,Standard,1
52.012149601088296,2.6493361164159013,160.35189582976037,Home,No,Budget,1
39.59717310721286,,130.49895428475423,Sports,Yes,Premium,0
45.988330388322396,0.47299152951458745,76.19637426946615,Home,Yes,Budget,1
74.46957965539498,2.8426398252908105,316.4303663965792,Home,No,Budget,1
14.337896640590063,2.997190609111317,205.55560402180677,Clothing,Yes,Standard,0
25.917308912699227,1.6334400718177862,314.099378197625,Electronics,Yes,Standard,1
68.84614396854987,2.9279685038610452,3.483325656800331,Sports,Yes,Premium,1
42.84700579053378,1.3364583145808617,180.5160899274257,Electronics,Yes,Budget,1
68.61528030170902,2.580978443452216,337.5983860601992,Beauty,Yes,Premium,1
,1.6429674101196938,69.29502594044199,Clothing,No,Premium,0
73.2279695715846,2.9840885973154947,206.06522558225078,Sports,Yes,Standard,1
23.14224586056113,2.299246723632346,83.28601881554785,Sports,No,,1
71.98533020731495,2.1210261833155757,189.28606987065865,Clothing,Yes,Standard,1
47.8301518170815,2.021010908217492,119.77223906111443,Electronics,No,Premium,1
19.103564420584064,1.4158933059569576,59.80864872506157,Electronics,No,Premium,1
76.80269014963454,1.6323670945064868,299.9637059925559,Home,No,Standard,1
37.79172904851513,0.25113117839641563,189.91784841244456,Beauty,Yes,Premium,1
57.173956081570786,1.9288973929291084,120.59440382118736,Clothing,Yes,Budget,1
,2.0210874499552918,202.52744561405433,Electronics,Yes,Budget,0
41.30478968684578,3.1547675605406154,267.1505013488109,Electronics,No,Standard,0
41.80895053604395,2.389228273186499,124.8511031522546,Clothing,No,Budget,0
45.681767928087524,0.14665792071244188,151.64702947162246,Home,Yes,Standard,1
36.500103302758546,2.2783458588993373,158.346627951929,Home,No,Budget,1
58.43832311550476,1.675094775450265,,Beauty,No,Premium,0
49.99861302642012,1.545366062110928,319.9454383824945,Clothing,No,,0
52.37973482643092,1.2605732930365412,343.44018752131285,Sports,No,Premium,1
45.25064431606747,2.2866488625399906,,Home,No,Budget,0
50.27624277392417,2.1780680483744606,297.1800089413616,Electronics,No,Standard,1
51.99909717129884,1.7742263863782828,261.69637353191916,Beauty,Yes,Standard,1
50.914102855848704,1.0057729375179623,310.7166584063112,Home,No,Budget,1
48.787747153009796,2.4086401125899153,,Clothing,Yes,Premium,0
38.08730370543669,1.1570298080975514,293.917721639529,,No,Standard,0
61.31521686434991,2.711486628330357,173.84150686736598,Sports,No,Budget,1
52.53932006354066,1.3086257537768,145.70217716628565,Electronics,No,Budget,1
41.98811662670915,2.206311838132568,307.8347419447197,Home,Yes,Premium,1
22.2107761823981,3.3986578225316952,23.615249459299722,Beauty,Yes,Budget,1
89.87276870714163,2.451127636469429,251.58070824418482,Sports,Yes,Standard,1
72.99903200515391,2.271124829239307,268.6046663279883,Clothing,Yes,Premium,1
98.57524599891902,1.9739800622958943,152.91086956104164,Home,Yes,Premium,1
55.086165414035875,3.1201685311784146,262.27917050464976,Electronics,No,Standard,0
36.073981975474815,2.4633712486717414,214.91504313060062,Clothing,No,Standard,0
31.822669655872357,0.29116695643901314,197.54548458976367,Clothing,Yes,Standard,1
41.373715855882566,1.6810380046369944,22.357356559075914,,Yes,Premium,1
51.055807293732,0.33067092270387777,134.87920509869164,,Yes,Premium,1
47.730532295716344,2.80668249785922,213.99660211909838,Beauty,No,Standard,1
48.2216095604221,1.9857041118707577,172.31718552600356,Home,,Budget,1
32.07167467342588,0.9565010971018932,182.07753748021346,Beauty,Yes,Premium,1
85.12957089479576,1.201321036704571,29.700801690275085,Sports,Yes,Standard,1
31.325986857507328,,69.29495823495529,Home,Yes,Standard,0
53.75445692545481,,,Beauty,Yes,Premium,0
,0.3955179116409102,37.77806389536864,Sports,Yes,Premium,0
77.0994618510015,1.9475171709919907,132.32138233230663,Beauty,No,Budget,0
55.441004664262934,2.5941202932063208,,Home,No,Premium,0
64.3659797915758,3.7240724560196963,321.2679527453837,Clothing,No,Premium,1
68.35265196323842,0.8434260159809273,28.778746808437432,Electronics,Yes,Budget,1
57.720475404032086,0.4597032419073668,248.36873174560105,Sports,Yes,Budget,1
,-0.21499050724228574,204.19924577838324,Home,No,Standard,0
13.802933100771773,1.6121820151401622,252.86699232753543,Clothing,No,Premium,1
19.23285531218104,3.0772941771565225,38.1096568347119,Beauty,No,Standard,1
72.75538036591122,1.1791831241876842,136.88620437925948,Beauty,Yes,Premium,1
-17.47255251567161,2.310635364143444,121.39762978108654,Clothing,Yes,Budget,0
56.64217083459504,1.3812450873552948,99.74457324050492,Clothing,Yes,Premium,1
83.6585723809449,2.585399245232308,358.2610632589468,Sports,No,Standard,1
,1.8308794902090373,177.00292171427006,Beauty,No,Budget,0
65.96628681518813,3.152804146605532,188.18468570186198,Sports,Yes,Budget,1
29.52332645258613,1.3135252170459042,113.65828492622522,Beauty,Yes,Premium,1
62.95514629299098,1.525472759899729,179.70909143466457,Home,No,Premium,1
57.36781587392706,1.7869678059641014,176.20554300909208,Home,No,Budget,0
47.8106852776554,1.4934919871602474,137.42567835948165,Clothing,Yes,Standard,1
76.34398947089691,3.6180477561593607,51.72062710699528,Clothing,No,Budget,1
29.26165721241819,1.954725589500736,29.022736778999782,Electronics,Yes,Budget,1
34.41047382401762,0.49782597907941817,147.24325137451163,Home,No,Premium,1
101.76841128336866,1.7735940545468338,90.49206569848333,Clothing,Yes,Budget,1
61.34244209565331,2.1504055532514035,111.61899107579819,Clothing,No,Premium,1
48.74551125934296,4.078426990576942,100.8339152949905,Sports,No,Budget,1
47.80324295054512,3.023591502095524,348.4566945332075,Electronics,No,Budget,0
29.886627650341254,3.4701288407842887,249.20130824389872,Home,No,Standard,0
8.476659962610142,0.31642687766008604,237.38352667203307,Sports,No,Budget,0
72.01168807533955,2.999980734944629,41.06268827084453,Home,No,Premium,1
74.89987666093748,3.1625936313858567,91.77562495741257,Home,No,Budget,1
46.54642957355701,,319.1595305015741,Home,No,Standard,0
63.458418017177365,,154.9672628161913,Clothing,No,Standard,0
30.835786190879446,2.219621992561197,182.32912179974764,Sports,No,Premium,1
47.11203322532288,-0.4378898879618669,282.93168298875054,Home,No,Premium,1
83.05141802829371,2.266984510028447,344.9276387993401,Sports,Yes,Premium,1
56.25244706546793,2.292006286574536,119.78620404265311,Electronics,Yes,Standard,1
35.541560811361144,2.7241502564260673,169.93254679962544,Sports,No,Standard,1
63.420945722599434,1.5434516722088651,266.83610613481807,Home,No,Premium,1
18.53279321344125,0.23156472687036,303.710799777971,Beauty,No,Budget,0
26.36406123594532,3.1875182489157794,27.733359262493813,Home,Yes,Premium,1
49.588710049930704,3.0286102518591362,94.94968470928963,Electronics,No,Budget,1
55.34641535878008,2.4528437032858683,343.7851353207094,,No,Premium,1
57.48677792019654,1.8130400658813333,259.76095890230886,Beauty,Yes,Standard,1
33.906492263631435,,,Sports,Yes,Premium,0
23.08901018458303,2.4444158785341044,262.5599537109044,Sports,,Premium,1
81.3196992337797,1.2859472323593306,329.686057902444,Sports,No,Budget,0
74.59165698090187,2.725112549391712,67.02072255416516,Home,,Premium,1
30.015023445934265,1.9547881235173667,348.2176344940854,Electronics,No,Standard,0
30.972749080462858,1.936302612082393,150.24304432267678,Clothing,Yes,Standard,1
58.31906430111033,0.9382203085260827,142.26375913141337,Sports,No,Budget,1
63.41769013108318,0.5336873442813359,342.2634152131754,Clothing,No,Premium,1
63.03292742444128,-0.28191653217817825,86.46975813126171,Clothing,Yes,Standard,1
38.99947820139506,2.032134651113354,159.440424768652,Sports,No,Standard,1
60.376272798886745,1.4056646920706815,305.0813172878298,Beauty,Yes,Premium,1
66.47459972065933,1.1832341103581876,219.34480468418815,Clothing,No,Premium,1
66.29216658610855,0.30217843286501633,53.77240311647082,Electronics,Yes,Budget,1
60.58782883160491,,,Beauty,No,Premium,0
56.716659069673966,1.6034444292835401,345.04548981093365,Sports,No,Budget,1
55.42998447547591,0.9455878532678867,215.56297633048766,Clothing,No,Standard,0
68.30943545455811,1.9807432849304858,355.9459613116842,Sports,Yes,Premium,1
80.26465647750452,2.5283996279809493,241.30771996848821,Beauty,Yes,Budget,1
38.291568238221544,,284.403300020664,Beauty,Yes,Premium,0
60.57863748948771,3.062902880912967,129.60530055005455,Clothing,No,Premium,1
30.64117760108523,2.846511703813409,154.12959276431923,Beauty,No,Budget,1
35.131751237846316,1.73818545064632,32.93583037350491,Clothing,No,Standard,0
30.182841324911035,0.6248458854650776,306.30633570547434,Clothing,No,Budget,0
53.35801021672182,,222.4177489403353,Clothing,Yes,Premium,0
30.96486722519337,2.4748408306366505,86.5249382086411,Beauty,Yes,Premium,1
70.91128994984103,2.8796387511451838,103.70864344090376,Beauty,No,,1
87.79154122477834,1.191318883862379,205.7190989587816,Home,Yes,Budget,1
18.85272674121363,1.434687327341746,216.0828570707652,Electronics,No,Budget,0
49.647728081804246,2.1056623866728836,223.96830366973418,Electronics,No,Budget,1
43.27921504950795,2.344033871101614,308.7455392041741,Sports,Yes,Premium,1
88.45168146919761,3.7982367877446297,347.9323874068653,Sports,No,Budget,1
50.488312833644954,2.251809451664624,92.34986224417345,,No,Premium,1
41.377807275127374,2.65244690576121,252.0510100742931,Beauty,Yes,Premium,1
82.83734157505496,1.2636003886841731,47.608583661779775,Home,Yes,Premium,1
49.927135335461436,,6.428010983606328,Clothing,No,Budget,0
35.71860543482292,4.473424429053324,,Electronics,Yes,Budget,0
47.687107342576546,1.8281573907435615,11.191251279961234,Home,Yes,Premium,1
90.8531896256468,2.481164273307079,322.3827647317406,Sports,Yes,Standard,1
43.18321009269214,0.4941849882972509,135.0456786531203,Home,Yes,Premium,1
,0.3405378893431994,50.474005952842084,Beauty,No,Premium,0
39.28938039550589,0.617354872091719,162.86626509882294,Beauty,No,Budget,1
51.17351514124712,-1.3866262631793735,187.30133735411792,Clothing,No,Premium,0
67.438579724215,2.114529740012389,64.46370699938991,Home,Yes,Budget,1
21.295516022334738,4.973749710280792,226.24489793678615,Clothing,Yes,Premium,1
,2.346602984781899,227.83550783347576,Clothing,No,Premium,0
82.60202264709285,4.274501897991198,95.5723341714977,Beauty,No,Premium,1
65.16559187141138,3.933325532348132,30.912702716863272,Electronics,No,,1
51.92884423884307,1.3160661462439163,31.774886792119933,Beauty,Yes,Budget,1
54.88719482687696,,331.5096367900778,Sports,No,Standard,0
21.66493418358658,0.7461905045105144,216.54981870924692,Sports,No,Standard,0
55.25058557896183,,53.32861827498057,Clothing,Yes,Premium,0
64.93137842514234,2.6882593154217314,78.4799369915397,Sports,Yes,Premium,1
15.724504631690799,4.034283833179712,100.17416987101625,Beauty,Yes,Standard,1
55.24409405785798,1.5314245671433793,74.57911725137012,Home,No,Standard,1
49.51277517007453,2.2985631196504914,151.33568751427342,Sports,No,Budget,1
33.245596873294794,1.4943846144040474,13.970305806242418,Electronics,Yes,Budget,1
30.00872160531164,1.159819669785107,101.09844526365315,Home,Yes,Budget,1
21.339943484729535,0.5052574926257196,78.73633692642653,Electronics,No,Budget,1
32.27928440382892,2.282237604613966,65.65900827150753,Beauty,Yes,Budget,1
47.999241306810184,0.856522043572981,18.43908066064505,Electronics,No,Standard,1
61.944184311687714,2.226383723019666,46.11986195331944,Beauty,No,Standard,1
59.14138338620674,3.514752977981328,,Home,No,Standard,0
37.851990079619696,3.7486927284249565,74.8089220653267,Beauty,No,Standard,1
94.49107950568467,1.8286169505902459,332.2533778823191,Clothing,Yes,Budget,1
52.232422889594304,2.164165655500777,106.35991934245246,Electronics,Yes,Standard,1
23.9125664053483,2.932897896807388,185.02943283834324,Electronics,Yes,Standard,1
106.50694872038994,0.49131315687459676,,Beauty,Yes,,0
,1.502069251845159,18.308382865270424,Beauty,Yes,Budget,0
40.575026409434194,1.6044647877717875,52.53301257569259,Sports,No,Standard,1
59.085318019119526,2.2566354986956823,2.8455204659643005,Beauty,Yes,Standard,1
75.0944471535975,2.471982721723808,320.036781111219,Beauty,No,Standard,1
35.2295444649652,1.5467336249698975,21.339412997874952,Beauty,No,Premium,1
55.415781448342194,2.566921433996919,13.956190885523444,Sports,No,Premium,1
37.93302136292586,2.8849886914864102,117.47716290631703,Clothing,Yes,Standard,1
55.266586565755226,2.0627966485071636,91.31577258121058,Clothing,Yes,Budget,1
60.85920415018445,2.884955008965036,77.67748898931232,Beauty,No,Premium,1
35.53011118398086,2.1160818628515363,138.81314657078065,Home,Yes,Budget,1
64.38530064691487,-0.7944258765423848,291.34927348912197,Beauty,No,Budget,1
46.07270453595342,2.534309478909419,338.60556001870043,Home,Yes,Budget,1
104.71572393280734,1.8428069488684002,354.03778056948045,Electronics,Yes,Budget,1
44.979511590539225,1.7693091332109796,14.441387902414041,,Yes,Standard,1
63.69057432651272,3.150366371999135,283.4588138753481,Home,Yes,Budget,1
51.643240847245636,2.050231282825307,317.54938679041607,Electronics,No,Standard,1
,1.4514193436778622,295.807444589805,Electronics,No,Premium,0
85.5116278572522,1.5452115112493008,53.488295612202215,Sports,No,Premium,1
46.38567096326754,2.7195340737911127,79.64439315029526,Clothing,No,Budget,1
54.55990191364053,2.2573035229351364,,Electronics,Yes,Budget,0
23.604693045003344,2.1018432426191267,317.9049412386214,Clothing,Yes,Budget,1
36.01546035085281,2.3427596323689284,148.2145076882396,Clothing,No,Standard,1
69.89836089648917,2.091796293494238,92.74618789755122,Electronics,Yes,Budget,1
25.96818087698606,2.818692680979672,332.07335420024253,Home,No,Budget,1
64.77459447799822,1.9997622130035309,265.6716580138372,Clothing,No,Premium,1
71.72107318636915,2.138755608947433,337.27868795230677,Clothing,Yes,Budget,1
66.68213418277728,1.9021714998162584,266.7975451644982,Clothing,No,Premium,1
33.517247723230945,2.4928901482003365,242.3293584599201,Clothing,Yes,Premium,1
58.41290031875373,0.9328180066623561,21.356401596372432,Electronics,Yes,Premium,1
22.478709581591122,1.2325250499617382,323.31542470737213,Clothing,No,Premium,0
59.497868541677796,1.244906490989301,172.89823635324515,Home,No,Standard,1
71.6973412328035,2.0833978207611086,107.80040868856048,Electronics,Yes,Budget,1
52.80591959579401,2.41424946990075,146.85307545819626,Electronics,No,Standard,1
39.11614071304374,2.1341790266129714,338.68675666481994,Sports,Yes,Premium,1
65.49985323352796,3.1463355914269373,121.35513145815621,Clothing,No,Premium,1
81.79571957319719,2.5104814730316223,256.63494507383547,Sports,Yes,Premium,1
40.944893348991776,2.67560006690304,342.20016824537913,Beauty,Yes,Budget,1
55.86888591923199,2.0474316610549774,360.87862377406657,Home,No,Standard,1
,1.8332620141822362,51.37049525842246,Clothing,Yes,Budget,0
88.65946139279116,1.5429425865796376,20.167441853338794,Home,Yes,Premium,1
35.059748991617155,1.6813729908207695,163.1761365398825,Sports,Yes,Premium,1
76.61734403595274,3.980845637723551,117.55913925359033,Beauty,No,Premium,1
50.64107974142139,1.7101146885612253,112.88109940967637,Sports,Yes,Premium,1
58.66842029287126,1.241522358205851,215.41563197221214,Electronics,Yes,Standard,1
57.35063544529472,1.9665670988247197,308.2748949216885,Home,Yes,Budget,1
52.352645091347526,1.018536711348659,259.5736595090077,Sports,No,Budget,1
36.2189810544364,2.8415411753432247,259.03371949874895,Beauty,Yes,Standard,1
66.55783664488791,2.726081512221371,67.47352315363665,Clothing,No,Premium,1
35.26231445626803,0.7550235568729482,155.87914154729822,Electronics,Yes,Premium,1
81.57091932998328,1.1490241611764542,213.69211183277696,Beauty,No,Standard,1
60.97808947534189,1.0521470463389364,214.33372454519142,Clothing,Yes,Premium,1
50.59902176203222,2.571249759739506,225.23937778896916,Electronics,,Standard,0
12.116703569121597,-0.19643034304670381,145.58053078770098,Home,Yes,Standard,1
17.569918203739125,1.197297373928306,273.1779247206304,Electronics,,Budget,1
56.4756011881741,1.7564924545503176,221.0939375488493,Clothing,No,Premium,1
83.80936045050412,2.046374430808364,252.29931019432735,Clothing,Yes,Premium,1
16.055449862535703,1.7979678110583097,301.26358088375235,Home,Yes,Premium,1
68.2253037171747,2.04303713192062,290.0201534441159,Sports,Yes,Budget,1
49.98822067011554,3.117657068092087,6.314380367014227,Home,Yes,Standard,1
47.59027701495228,1.4928202390786995,326.72581070407966,Beauty,Yes,Standard,1
62.69743882829483,1.5535559433451884,2.309757474655183,Beauty,No,Budget,1
66.0882397668337,1.3349981445151768,52.84054670768148,Sports,No,,1
74.44090569691183,3.166266490483193,38.130833376571346,Sports,No,Premium,1
33.17787578858256,1.3908575516622015,173.5392122525867,Sports,No,Budget,1
62.20324144558728,2.121666736061074,295.8053258297373,Sports,No,,1
,4.657295494800696,168.32936400044292,Clothing,Yes,,0
58.605171189015714,2.168768890766683,364.5604109985179,Sports,Yes,Premium,1
32.02268606745231,1.4359412574262174,289.88402074523754,Home,No,Standard,1
45.90155403189464,0.2261213155807522,219.64401462647342,Beauty,,Standard,0
72.48816044125492,0.9932776058975028,354.9123663515814,Home,Yes,Premium,1
,4.02675459087138,164.15502475981268,Electronics,No,Budget,0
49.59747686333666,2.2746245394607834,333.38016489015007,Beauty,No,Premium,1
64.59332316778257,0.32836472838348363,160.31026706935532,Home,No,Premium,1
32.88143052669215,4.024161430335304,307.94436144109017,Beauty,,Standard,1
82.48964293887241,,339.5949498147863,Sports,No,Premium,0
72.91503648942938,1.966629014404771,27.21017445527747,Beauty,No,Standard,1
42.00910711691023,0.6760582823107368,226.37936796032457,Clothing,Yes,Budget,1
70.7476299496015,3.304439475432389,174.90715557556265,Home,Yes,Budget,1
41.55490936067856,2.7645875069778785,286.36810012156184,Beauty,Yes,Standard,1
35.80595647923747,3.3065261943940354,234.14557596315274,Electronics,No,Standard,1
70.64271354486202,1.376691845080181,260.41157735312447,Electronics,Yes,Budget,1
58.49352412850169,0.6211460641356086,158.48698270187984,Beauty,No,Standard,0
46.50107610838472,2.320119967089336,83.40777915977772,Sports,No,Budget,1
48.83171004811929,1.8745218376385806,80.07577619863274,Sports,No,Budget,1
68.29535529400988,2.140483025633889,194.04696133476793,Beauty,No,Budget,1
39.202491805675386,,254.64691205957132,Electronics,No,,0
72.21608439499866,2.1451440954246923,305.9915909404413,Electronics,Yes,Standard,1
72.01627267292723,1.1277955567784956,141.49891000887726,Home,Yes,Budget,1
13.509446613685103,2.7670991537741862,361.3707908557867,Clothing,No,Standard,0
56.47190103299344,,,Home,No,Standard,0
49.909776579940534,3.4232059000926416,307.3964276316716,Home,Yes,Standard,1
,1.413034209045199,79.7805800995305,Clothing,No,Standard,0
59.48746495587037,3.0866811026599006,114.89162133417105,Home,No,Premium,1
55.52883982521166,0.9062748449269353,58.828325738215206,Electronics,Yes,Premium,1
17.44211028586826,2.1098076284458056,289.93654195155824,Clothing,No,Budget,0
96.70523665044202,2.4243389976668657,272.5303519684083,Home,No,Budget,1
79.9647231571616,1.863811982842016,286.3875128165807,Beauty,No,Budget,1
96.72056313543972,0.7200221936983326,250.18618030380014,Clothing,Yes,Premium,1
,-0.18158765762597584,263.79049907246343,Electronics,Yes,Budget,0
60.46140411218107,2.498553486802478,362.73892402380966,Clothing,Yes,Standard,1
65.6309213263707,2.2046256800922404,181.91166496283358,Beauty,Yes,Standard,1
49.53668112958953,2.3567375277598046,315.90002925545053,Beauty,No,Standard,1
36.23469080119226,3.8244685208972644,203.27528019487278,Clothing,Yes,Standard,1
54.96777760090226,3.8619705100604875,362.99497443428305,Home,Yes,Premium,1
25.8454655894377,0.2717297372179246,74.02079605893587,Electronics,Yes,Premium,1
55.03093248795154,0.9618132353538338,280.57018672797625,Beauty,Yes,Budget,1
56.029507548524585,2.051175089333133,231.16335256348606,Electronics,No,Budget,1
45.51707115809691,,117.5219670930778,Sports,No,Standard,0
45.35005761851766,2.8769366543902413,156.5116908546747,Clothing,No,Premium,1
37.4473808213975,2.0437188544030582,30.941298794915806,Home,Yes,Standard,1
48.181358280691235,,137.27049709011328,,No,Budget,0
63.24890266999521,2.9773795371982725,52.56165280108615,Sports,No,Premium,1
41.05877039879883,0.9379249742135263,304.5796361534903,Sports,No,Budget,1
67.4751082579808,2.2763062659364444,354.1201013548678,Electronics,Yes,Standard,1
59.89371812466914,0.03004245727219934,264.5927602063595,Sports,Yes,Premium,1
78.5279000571172,2.213990027478236,58.809945931028395,Electronics,No,Standard,1
70.77452842058486,1.2977568439130942,17.57101360842333,Home,Yes,Budget,1
54.15771760660654,4.048125915465445,287.01409393588006,Home,No,Budget,1
73.19344402116515,1.9879725927642704,215.32930387164095,Electronics,No,Premium,1
,2.690451830222697,76.83075271354755,Beauty,No,Standard,0
56.1016740917132,2.465982642767679,252.29620088285898,Beauty,Yes,Budget,1
60.91872972926233,1.447428265841277,75.06087819360273,Home,Yes,Premium,1
87.27638952828916,1.6383273216631105,35.91725100233238,Home,No,Premium,1
71.73906084336825,1.4536177430235733,347.6032052119657,Sports,No,Standard,1
45.31694888501087,0.2945060593779907,63.79472802905449,Electronics,No,Standard,1
,,105.17530197591906,Electronics,Yes,Budget,0
37.927917314052074,2.4292711134099565,280.2014550036255,Electronics,No,Premium,1
27.709327805407394,0.8519741234364993,17.187309697567454,Home,Yes,Budget,1
17.889526541861844,1.7257012803151686,136.9653018188443,Electronics,Yes,Budget,1
59.34080801601153,1.9776790793553125,230.33528027524366,Beauty,Yes,Premium,1
57.774645061070146,,48.24521347968093,Clothing,Yes,Standard,0
65.55121947668086,2.2737074887071707,348.8669443719119,Beauty,No,Standard,1
76.36582982245207,2.3183637436315645,53.18883579396139,Sports,No,Premium,1
33.65691484400243,0.28504723663350706,270.82738010770584,Electronics,Yes,Budget,1
28.893619426229833,2.2434747569707465,305.2552159679814,Sports,No,Standard,0
43.245004246408776,1.5509608609346968,214.01737225286786,Beauty,Yes,Standard,1
54.20049703088828,3.2970703681687983,118.18547715967001,Home,No,Budget,1
62.62141121341329,3.009225007975207,103.84800372987706,Home,Yes,Budget,1
38.48969690106597,,206.0077250707408,Home,Yes,Premium,0
69.42743448493691,2.0785840061461807,262.7003244055641,Clothing,Yes,Budget,1
,1.4824975735635992,76.87536996237063,Sports,Yes,Budget,0
76.95349654393648,1.1574715766571324,120.47895295500757,Home,Yes,Premium,1
56.525615161346266,2.387182283223137,179.94069439152597,Clothing,No,Budget,1
43.64119024352818,1.4407747957631942,52.64118271545448,Sports,Yes,Premium,1
76.06938823535513,1.7877097060013232,257.8266418417442,Sports,No,Standard,1
39.51348349699417,2.12549221946958,94.61548264861513,Sports,No,Standard,1
44.35399680868549,3.355549288005788,356.15081522893104,Home,Yes,Premium,1
44.11127794643394,1.7111790713368333,282.35226702277953,Sports,No,Budget,0
63.41791370871737,2.1630205531072857,142.69721011638742,Home,Yes,Budget,1
50.297386817284405,4.073664206011751,207.63197549630232,,Yes,Premium,1
54.56967511574521,2.7752571825560226,314.5552427206586,Electronics,No,Standard,1
47.711133962055975,2.131336208591497,245.2282415527434,Electronics,Yes,Standard,1
25.72646712179287,3.8213861880494644,142.23324938094666,Sports,Yes,Budget,1
53.575738626142126,1.526934937079973,171.14507220657202,Sports,No,Premium,1
73.68888884772609,2.1172809100784997,113.27062142067147,Beauty,,Premium,1
33.08712021165549,2.1214186625190776,121.88731799927146,Sports,Yes,Budget,1
,2.2507519740939457,265.065029703913,Home,No,Budget,0
46.23407532456929,1.9003648851443504,225.06419456836872,Clothing,Yes,Standard,1
63.999083572707576,1.4054497616632602,324.1998372532591,Home,Yes,Premium,1
39.918948466797914,,50.038449939853976,Home,No,Premium,0
10.766242770363142,2.747643455853223,64.08897285344884,Clothing,No,Standard,1
37.62213831086546,0.7771690802718483,293.6170509849036,Electronics,Yes,Premium,1
42.49657589763922,,325.3424062844504,Beauty,Yes,Premium,0
34.26880723611613,-0.13911039152381877,38.45004429264626,Clothing,No,Budget,0
66.4511439457506,1.2514775812632595,56.655527711291136,Sports,Yes,Budget,1
34.764695646539,2.5188883179686705,175.99238484635728,Sports,No,Standard,0
,1.6172423538208485,343.7352535755172,Electronics,No,Budget,0
44.34980595541461,3.186100612645191,77.24005372848052,Clothing,Yes,Standard,1
50.80268761057148,1.4978965401959483,179.77061502386968,Electronics,Yes,Budget,1
55.597310192362514,2.8096559848091505,212.73869955918096,Beauty,No,,1
68.3869799301459,2.4038185311579676,3.1379872513165434,Beauty,,,1
41.86372313910186,1.753946312072225,97.48304643364563,Beauty,No,Premium,1
43.0850243226293,2.303712069338077,329.5044864627705,Electronics,No,Standard,1
60.41198372898309,1.3784100940565969,114.32108917282362,Electronics,Yes,Standard,1
50.72840620280361,0.7193100470927745,196.24751123549754,Beauty,Yes,Budget,1
74.60521794209862,1.2848548782131153,339.5487502875039,Electronics,No,Standard,1
42.17054848908376,1.5163492073078855,269.019500146519,Home,Yes,Budget,1
80.9597435344004,1.5338748107062985,,Electronics,Yes,Standard,0
,3.6967865026588127,167.29216821769626,Beauty,Yes,Standard,0
88.19569004808294,0.3040175292294196,130.27135986648844,Home,Yes,Budget,1
41.4780071289751,1.1133484171437846,42.0830795310593,Clothing,No,Premium,1
46.54232940166568,2.0032367242665865,7.221625014685399,Electronics,Yes,,1
58.510908563512864,3.8004776714758215,1.6522890463312505,Home,Yes,Budget,1
19.911377111962338,2.183531012487061,344.67572043259224,Beauty,Yes,Budget,1
40.25435623766276,3.3286516701293283,221.26306520749154,Electronics,No,Budget,1
21.43658674123789,3.908289575018115,266.67704866772516,Clothing,No,Premium,1
67.48414300577271,2.0487598108740275,268.76131505379544,Sports,Yes,Budget,1
47.218332831533225,2.1156864881291906,49.62553246640875,Sports,No,Standard,1
60.079518990127994,0.8876772189219053,128.44856542538426,Electronics,No,Premium,1
23.31083398326249,2.870703480477521,172.84398513517593,Electronics,No,Standard,0
72.88755109106307,1.4720118097075208,356.5349250836802,Home,No,Premium,1
47.68841236281436,,249.4690171057372,Clothing,Yes,Premium,0
41.47668597713554,2.7910303379278867,99.4429188397903,Home,No,Standard,1
,2.740396866611297,118.44837246187268,Home,No,Premium,0
94.55739516928136,1.4458867019978396,,Electronics,Yes,Budget,0
70.87271249512744,2.1911919154818205,232.2447395941928,Electronics,Yes,Budget,1
65.72357033150628,2.7576499339673592,15.781798316699042,Home,No,Premium,1
,2.115098128850554,255.5104515078021,Sports,Yes,Budget,0
65.46235024630953,1.752657454139602,2.2509356147502557,Beauty,Yes,Premium,1
76.05225936505789,,294.752936429976,Clothing,Yes,Premium,0
29.214212811557125,0.878631835070742,243.55830307886572,Electronics,Yes,Standard,1
37.5976841806697,3.3332213548465677,173.72875336945518,,Yes,Standard,1
45.724135598256254,2.3904525710418376,219.14550074723095,Sports,Yes,Budget,1
71.26061405067212,1.9440309768693502,81.94836134914422,Electronics,No,Standard,1
54.22647839274283,1.118521126044306,226.51535901981413,Electronics,Yes,Standard,1
35.27849649159959,1.6933562625720493,176.14704100431496,Electronics,No,Budget,0
49.990099401056355,2.2175186451491915,81.1875271780215,Beauty,No,Standard,1
,1.2412512966009328,324.9281759577871,Beauty,Yes,Premium,0
68.2128068359111,-0.4770642391426114,195.22358893486546,Clothing,Yes,Standard,1
19.281567369578273,0.04216874195952447,209.25363642077812,Beauty,Yes,Premium,1
68.02853320559312,3.107512577715018,216.63776194394674,Sports,Yes,Premium,1
,2.9467860245629254,,Electronics,No,Premium,0
29.977380326285775,2.384793416852218,336.5111028410391,Sports,Yes,Premium,1
95.81035086884194,2.526030909803807,231.4650658414252,,Yes,Premium,1
42.85397355090211,3.071503037423423,247.0029092608313,Electronics,Yes,Standard,1
8.266186072561554,2.8637318560907565,303.51636708784866,Sports,Yes,,1
59.88391393212896,1.1209513478320683,170.8846261433999,Sports,Yes,Premium,1
41.4213745924731,0.64528072263068,201.3890646848042,Home,No,Budget,0
41.315098144861295,1.469568616028339,313.0160343303668,Clothing,No,Standard,0
78.0547667821903,1.2375000788997323,93.39700066968646,Home,No,Budget,1
63.47323508529391,1.7531267676545403,140.5340555822879,Beauty,No,Premium,1
55.259788287151466,0.792484564220298,348.91317444309664,Sports,No,Standard,1
41.672364136407815,3.510502532854784,129.61272961033458,,No,Premium,1
43.77374700618868,2.2822385278966855,298.9115022951219,Home,,Standard,1
55.39497152371577,3.378495560491394,269.5274636791874,Home,No,Budget,1
55.440252548150795,3.3487734325848306,200.79981144451855,Home,Yes,Standard,1
34.598881548500216,2.9391048903714747,128.2188745585265,Electronics,Yes,Budget,1
90.076794048404,3.2158354800405755,75.01878508267824,Clothing,No,,1
28.37082818083172,2.221465505321355,83.51250080154156,Beauty,No,Standard,1
44.600961573294946,1.7969254209449708,137.2048350248916,Home,Yes,Standard,1
46.34374756302785,2.6618590935871733,226.78958065517628,Electronics,No,Premium,1
66.9812224733597,1.6397513572606732,333.5969182566265,Clothing,No,Premium,1
47.0933927484028,0.9766812142201147,162.36166674664446,Beauty,No,Budget,1
29.65056154393466,2.8501061573911475,310.40171739449033,Sports,No,Budget,1
,0.3023516312755523,175.1448149996509,Sports,Yes,Standard,0
70.86702894768477,1.7905195686958024,110.12772852825745,Sports,No,Standard,1
59.96767782614803,2.97287364070859,144.98140919459613,Sports,Yes,Premium,1
71.19211509010324,1.9041949577248605,1.3847348827900845,Electronics,Yes,Budget,1
68.7380617479507,2.618684010364943,72.4001895661073,Clothing,No,Budget,1
,1.713517362485701,308.110177843686,Home,No,Premium,0
79.25665862518095,2.331167794333061,4.444956270768804,Electronics,Yes,Premium,1
51.19860977766092,,341.1370142171537,Sports,No,Budget,0
73.5726050153564,0.9164622617238505,,Clothing,No,Premium,0
31.891231156842686,2.763731443957912,233.15230291851063,Home,Yes,Standard,1
6.6038139879341085,0.9924062119853443,,Electronics,No,Standard,0
21.303570515287863,1.1431593247734135,324.0635077146981,Clothing,Yes,Premium,1
56.34510906203635,2.820843800734991,284.16744135789054,,Yes,Premium,1
71.85313935689065,1.5762425424387723,259.2879708985028,Clothing,No,Budget,1
61.436140746826155,2.4115193510011386,25.874780022373535,Clothing,Yes,Standard,1
76.7059066892778,1.9325051277406593,40.15290695220556,Sports,No,Standard,1
54.229465971102684,1.1973728287881198,104.64964274138485,Beauty,Yes,Budget,1
53.627228199706714,2.220900716029291,339.12271269411224,Beauty,Yes,,1
69.96280318157552,0.46192940041901176,105.62243883528464,Clothing,Yes,Premium,1
49.3830546106072,3.4289875887715313,229.22974032683362,,Yes,,1
32.51530332619277,-0.4284235107152563,309.57169422456366,Home,No,Premium,1
68.17607692527736,0.7111193693703937,335.0465634849403,Clothing,Yes,Premium,1
20.09020710999792,1.945024117836991,204.66944731415333,Electronics,Yes,Budget,1
49.03853741406033,3.1299556461015277,189.64627723818006,,No,Premium,1
54.42194652487933,4.671973822552863,360.0287156490555,Home,No,Standard,1
39.968210461875195,1.7404911632336941,14.792316117905315,Electronics,No,Premium,1
37.18746526383048,2.924212287429023,289.56391945555697,Beauty,Yes,Premium,1
28.53504425224747,2.0903533702791233,265.6959621157931,Sports,No,Premium,1
41.4039562184826,1.7823479536947024,140.28128749356898,Home,Yes,Standard,1
31.289969392967528,2.73597454713932,141.31999236617418,Clothing,No,Budget,1
58.4467387246332,1.6150970997351428,6.59828054347273,Electronics,No,Budget,1
57.47530795769971,-0.08950443491792903,268.4990611028503,Sports,Yes,Premium,1
26.77125708897477,2.79929168845975,,,No,Premium,0
72.93685042499312,2.4920010458394097,334.010493615002,Home,No,Standard,1
,3.3763256843621576,10.50467536993377,Clothing,No,Premium,0
50.09130177298876,1.8260435064209002,364.4034255908096,Home,Yes,Premium,1
59.6087513903349,2.219127039092274,183.81487847492178,Electronics,Yes,Standard,1
31.020639930966553,3.638465813556595,200.56781870183747,Home,No,Budget,1
56.144658146037756,2.5884038368014894,69.83661178758936,Sports,No,Standard,1
53.602995343652964,1.9052754175119306,290.45231851224884,Beauty,,Standard,1
73.55562035987532,1.6811386806909279,332.9872399035995,Clothing,No,Premium,1
48.5218417065199,2.4910818680591142,253.547389724482,Clothing,No,Budget,1
42.816927448198584,2.035787577614855,356.94725878347145,Home,No,Premium,1
55.19789927863549,0.8555247844208207,309.4770675285573,Sports,,Premium,1
56.46051406124736,2.9583915039218516,12.383876139873637,Electronics,Yes,Premium,1
74.95553809138929,1.0962621805680532,114.04718764784695,Sports,Yes,Budget,1
54.4888780974342,2.2149897837046826,171.83498992694692,Home,No,Premium,1
57.31546211118302,2.381130855424545,220.54759379744712,Beauty,No,Premium,1
63.74562726810622,2.315490033472609,354.7974494308111,Clothing,No,Budget,1
83.2530927839595,1.3642808942747733,91.42404083163551,,No,Standard,1
44.70339242410265,2.120878376492793,288.8361767268414,Beauty,Yes,,1
60.03520962644804,1.4424786339923077,309.5800854160722,Clothing,Yes,Standard,1
30.21956619196938,2.2853942149392763,282.7939234184192,,No,,0
34.93239401675948,1.3476713658012411,284.4681196234898,Clothing,Yes,Budget,1
41.93930322985342,3.3663322771705237,212.361542407105,,Yes,Budget,1
53.452313278399934,2.9331783025406937,329.77833835875253,Electronics,Yes,Premium,1
75.03750467282826,3.395092122005054,244.27015300586461,Electronics,No,Premium,1
46.02105995337857,1.5509805247502568,278.4819163640993,Sports,No,Premium,1
49.04043293570892,0.6902756756098256,111.09881978077689,Beauty,No,Premium,1
47.29456870284737,0.6262081768293926,243.91482725923078,Home,No,Budget,1
40.25123397658788,3.46631302371172,166.89825588866597,Beauty,Yes,Premium,1
54.002394853922844,1.305119826211286,205.31608094322053,,No,Standard,1
65.33175435573312,2.7463598316498175,153.1891443015394,,No,Premium,1
49.322025575605196,,235.4143256922322,Beauty,No,Standard,0
47.512544285764605,0.8391510754334428,99.68739880837424,,,Standard,1
51.471988218018076,2.820110919698074,325.06512579501884,Home,No,Budget,1
28.884564034726683,0.3353617043614512,360.812323479547,Clothing,No,Standard,0
15.360238270514422,2.6190789821870433,15.918960289648822,Electronics,Yes,Budget,1
37.122537781289246,2.1028675445798095,79.13785936766207,Beauty,No,Premium,1
42.54737271950594,0.9779736665450571,178.8851554181656,Beauty,No,Standard,1
100.92571200843314,1.0524693100331806,180.8645758846369,Sports,No,Premium,1
,1.9027854907801576,47.027116761779844,Electronics,Yes,Budget,0
57.172283014076925,-0.11173237077461451,19.494398957312963,Sports,No,Budget,1
86.3795597935644,1.9736271586702525,16.216904634383972,Home,Yes,Standard,1
50.30492885532798,1.9628612489694794,105.37868579687387,Sports,Yes,Premium,1
24.30129760895796,4.25532009569004,98.48875732523477,Home,No,Budget,1
80.75180310405864,3.533860552804687,201.13174797545105,Home,No,Budget,1
84.63342941946242,2.941582897175833,322.6039096792052,Home,Yes,,1
51.05206733803197,2.560053284101192,163.14418977321492,Electronics,Yes,Standard,1
41.1148774523753,2.8922542362860444,262.00910949513707,Electronics,No,Budget,0
44.63882741897415,1.7799487604957196,351.36240083147163,Beauty,No,Standard,1
58.16755880113609,1.6318935538329404,143.12283541151632,Electronics,No,Budget,1
31.10349839949883,2.1476511056350995,357.99078878028695,Electronics,,Budget,1
37.395201417756404,4.3857263640808615,140.18150014183107,Sports,No,Budget,1
67.89923644402722,-0.2357244296174299,11.725365924285452,Home,No,Budget,1
73.31104168302737,2.256527550158264,337.96252432606485,Beauty,No,Standard,1
62.82634800865232,0.8227547019365802,75.5569445215021,Beauty,No,Premium,1
54.55973163548505,2.220371899127356,288.570004292984,,No,Standard,1
70.2217218211189,3.0244184820781297,272.0716225767832,Clothing,No,Premium,1
38.510232101446135,,,Beauty,Yes,Budget,0
66.07208763645926,3.242109654242368,84.1918647042676,Clothing,,Budget,1
66.89837806896307,1.94552937692678,114.99037541843713,Beauty,Yes,Budget,1
46.07811693318323,1.2573124001111964,319.6582665606617,Electronics,,Standard,0
44.49488492800334,1.2712046616255304,191.95964284771267,Beauty,Yes,Budget,1
40.242894620172336,2.441817492758714,329.28778334339006,Sports,Yes,Standard,1
41.29752882091721,1.715656254786264,309.95375863865496,Home,Yes,Budget,1
29.16811145206744,2.46377983597429,257.68152952461736,Electronics,No,Budget,1
48.251373266195536,0.9448491432888404,80.61950961672872,Home,No,Standard,1
49.555096452956775,1.4399668977158742,309.3689756588138,Home,Yes,Premium,1
25.87927942181973,2.198139677897582,14.348145603388929,Electronics,No,Standard,1
83.26872980427441,0.9543470428918353,329.218332701771,Electronics,Yes,Budget,1
5.132288096625857,2.797872150878651,49.15294898365268,Beauty,No,Premium,1
52.283074344919356,1.466870186797185,299.4503072079398,Beauty,,Standard,1
58.273984073784746,1.1104115782786268,,Electronics,Yes,Budget,0
-11.344075175658928,1.9293762191272805,115.2304801703035,Electronics,Yes,Premium,1
29.798615500194884,0.9103631334946891,31.39159981974609,Electronics,Yes,Standard,1
37.8885767063073,3.081434718013369,157.1458188563648,Home,No,Standard,1
37.31593892104631,2.111984622471051,165.42801614634632,Home,No,Premium,1
31.366890110941902,4.250012872085602,3.7304492108460847,Home,No,Premium,1
61.245033414140316,1.819338586525108,156.92314748287916,Beauty,Yes,Budget,1
15.2182633296955,1.229342736194647,339.1332813064653,Electronics,Yes,Standard,1
40.98955371891155,1.5450627574183775,150.55002451489065,Clothing,No,Premium,1
,1.0578861352843396,242.90291008706802,Home,No,Budget,0
61.51932861811807,2.673506860311395,212.19359912758918,Beauty,No,Standard,1
35.1571168311431,0.8175334700294588,280.7172950332765,Clothing,No,Premium,1
49.38422272559911,2.1836373717863604,173.45284958906024,Beauty,Yes,Premium,1
54.65147584684149,1.846966378034617,151.11802539151506,Beauty,No,Standard,1
60.78977537314028,-0.3844892632230539,271.9509089579203,Sports,No,,1
72.24388448981756,3.023010335755164,204.93571822319092,Electronics,No,Premium,1
70.70564405262522,0.876001271696853,331.6384923997233,Beauty,Yes,Premium,1
74.6823935231929,0.9000434820456071,184.53620494887454,Beauty,No,Premium,1
16.96192131052085,2.1325543328201673,35.04391461676558,,No,Standard,1
